,Explanation,General,General,Contrastive,Contrastive
,Length,Memory(Byte),Time(ms),Memory(Byte),Time(ms)
0,50,1048576.0,1.25,445644.8,1.425
1,100,1048576.0,1.4111111111111112,1409752.177777778,1.3444444444444446
2,150,1048576.0,1.4785714285714286,1048576.0,1.457142857142857
3,200,1048576.0,1.5421052631578946,1048576.0,1.5421052631578946
