,Explanation,General,General,Contrastive,Contrastive
,Length,Memory(Byte),Time(ms),Memory(Byte),Time(ms)
0,50,2097152.0,2.225,2097152.0,1.925
1,100,2108802.8444444444,2.077777777777778,2097152.0,1.8666666666666667
2,150,2306867.2,2.2,2097152.0,2.1214285714285714
3,200,2097152.0,2.1473684210526316,2097152.0,2.331578947368421
