,Explanation,General,General,Contrastive,Contrastive
,Length,Memory(Byte),Time(ms),Memory(Byte),Time(ms)
0,50,2464153.6,2.35,1625292.8,2.275
1,100,2306867.2,2.2,2411724.8,2.311111111111111
2,150,2531562.057142857,2.4214285714285713,3145728.0,2.414285714285714
3,200,2516582.4,2.4157894736842107,2632477.642105263,2.542105263157895
