,Explanation,General,General,Contrastive,Contrastive
,Length,Memory(Byte),Time(ms),Memory(Byte),Time(ms)
0,50,6920601.6,3.45,3250585.6,3.35
1,100,4054493.8666666667,2.933333333333333,2842806.0444444446,2.7666666666666666
2,150,4194304.0,2.0785714285714287,4194304.0,3.092857142857143
3,200,3995626.442105263,2.5105263157894737,3333367.915789474,3.031578947368421
