,Explanation,General,General,Contrastive,Contrastive
,Length,Memory(Byte),Time(ms),Memory(Byte),Time(ms)
0,50,1992294.4,5.925,1074790.4,5.225
1,100,2469979.0222222223,3.5,1165084.4444444445,2.922222222222222
2,150,988657.3714285714,2.242857142857143,1071045.4857142856,1.4857142857142858
3,200,1810173.305263158,2.210526315789474,1054094.8210526316,1.4526315789473685
