,Explanation,General,General,Contrastive,Contrastive
,Length,Memory(Byte),Time(ms),Memory(Byte),Time(ms)
0,50,4089446.4,4.5,3093299.2,4.075
1,100,2423375.644444444,2.8222222222222224,2737948.4444444445,3.2444444444444445
2,150,4164344.685714286,2.6357142857142857,2801195.8857142855,3.2785714285714285
3,200,-285847.4947368421,2.973684210526316,3145728.0,2.6315789473684212
