,Explanation,General,General,Contrastive,Contrastive
,Length,Memory(Byte),Time(ms),Memory(Byte),Time(ms)
0,50,6920601.6,3.45,3617587.2,3.8
1,100,4054493.8666666667,2.933333333333333,2842806.0444444446,2.577777777777778
2,150,4194304.0,2.0785714285714287,3033380.5714285714,2.442857142857143
3,200,3995626.442105263,2.5105263157894737,2566251.789473684,2.473684210526316
