,Explanation,General,General,Contrastive,Contrastive
,Length,Memory(Byte),Time(ms),Memory(Byte),Time(ms)
0,50,0.0,1.275,1153433.6,0.875
1,100,0.0,1.211111111111111,1304894.5777777778,0.8
2,150,29959.314285714285,1.1785714285714286,1902416.4571428571,0.8428571428571429
3,200,728484.3789473685,1.1736842105263159,1048576.0,0.8263157894736842
