,Explanation,General,General,Contrastive,Contrastive
,Length,Memory(Byte),Time(ms),Memory(Byte),Time(ms)
0,50,314572.8,2.0,3145728.0,1.425
1,100,2609789.1555555556,1.4,2143755.3777777776,1.6555555555555554
2,150,0.0,1.35,2726297.6,1.7642857142857142
3,200,1081688.9263157896,1.7526315789473683,3145728.0,1.5157894736842106
